Titre,Numero,DVD,Qualite,Windows
11.11,222,SY,,0
11h14,432,2I,,0
13 a la douzaine,346,1W,,0
1492 CD1,502,2U,,0
1492 CD2,503,2U,,0
16 Blocs,686,3Z,,0
187 Code meurtre,736,4I,,0
1Kp-boogey,192,SU,,0
2001 L'odyssee de l'espace,173,SS,,0
2046,424-425,2H,,0
21 Grammes,147,SQ,,0
28 jours plus tard,507,2V,,0
4 garcons plein d'avenir,162,SQ,,0
40 ans toujours puceau,650,3T,,0
44 Minutes,464,2N,,0
5 enfants et moi,536,2Z,,0
666 La malediction,758,4M,,0
7 Ans au Tibet,534,2Z,,0
7 secondes,649,3T,,0
8 Femmes,417,2F,,0
8 Miles,308,1N,,0
8 mm 2,597,3K,,0
A l'aube du 6e jour,601,3K,,0
Aaltra,465,2O,,0
Absolom,287,1K,,0
Absolom 2022,598,3K,,0
Abyss,163-164,SQ,,0
AEON,599,3K,,0
Affectives,455,2M,,0
After the sunset,292,1L,,0
After the sunset,647,3S,,0
Age de glace 2,737,4I,,0
Air Rage,238,1C,,0
Alien 1 - Le 8 eme Passager,331,1R,,0
Alien 3,332,1R,,0
Aliens 2,66,SB,,0
